{
  "train": {
    "accuracy": 0.9788732394366197,
    "precision": 0.996309963099631,
    "recall": 0.9818181818181818,
    "f1": 0.9890109890109892,
    "global_acc": 1.0
  },
  "val": {
    "accuracy": 1.0,
    "precision": 1.0,
    "recall": 1.0,
    "f1": 1.0,
    "global_acc": 1.0
  },
  "total_samples": 356,
  "train_size": 284,
  "val_size": 72
}