{
  "event": {
    "type": "CONFIRMED_RAIDER_DEFENDER_CONTACT",
    "event_family": "HHI",
    "frame": 655,
    "window_start": 600,
    "window_end": 665,
    "core_window_start": 610,
    "core_window_end": 655,
    "subject": 9,
    "object": 13,
    "line_name": null,
    "confidence": 0.5804482807917648,
    "factor_confidence": 0.44785973186375055,
    "requires_visual_confirmation": true
  },
  "payload": {
    "event_type": "CONFIRMED_RAIDER_DEFENDER_CONTACT",
    "event_family": "HHI",
    "subject": 9,
    "object": 13,
    "line_name": null,
    "window_frames": [
      600,
      601,
      602,
      603,
      604,
      605,
      606,
      607,
      608,
      609,
      610,
      611,
      612,
      613,
      614,
      615,
      616,
      617,
      618,
      619,
      620,
      621,
      622,
      623,
      624,
      625,
      626,
      627,
      628,
      629,
      630,
      631,
      632,
      633,
      634,
      635,
      636,
      637,
      638,
      639,
      640,
      641,
      642,
      643,
      644,
      645,
      646,
      647,
      648,
      649,
      650,
      651,
      652,
      653,
      654,
      655,
      656,
      657,
      658,
      659,
      660,
      661,
      662,
      663,
      664,
      665
    ],
    "core_frames": [
      610,
      611,
      612,
      613,
      614,
      615,
      616,
      617,
      618,
      619,
      620,
      621,
      622,
      623,
      624,
      625,
      626,
      627,
      628,
      629,
      630,
      631,
      632,
      633,
      634,
      635,
      636,
      637,
      638,
      639,
      640,
      641,
      642,
      643,
      644,
      645,
      646,
      647,
      648,
      649,
      650,
      651,
      652,
      653,
      654,
      655
    ],
    "temporal_trace": [
      {
        "frame": 600,
        "visible_defenders": 11,
        "best_contact_score": 0.457533707221349,
        "best_containment_score": 0.0,
        "raider_to_endline": 4.645049095153809
      },
      {
        "frame": 601,
        "visible_defenders": 11,
        "best_contact_score": 0.28446312745412183,
        "best_containment_score": 0.0,
        "raider_to_endline": 4.6306471824646
      },
      {
        "frame": 602,
        "visible_defenders": 12,
        "best_contact_score": 0.2889493703842163,
        "best_containment_score": 0.0,
        "raider_to_endline": 4.616508960723877
      },
      {
        "frame": 603,
        "visible_defenders": 11,
        "best_contact_score": 0.29479390382766724,
        "best_containment_score": 0.0,
        "raider_to_endline": 4.60374641418457
      },
      {
        "frame": 604,
        "visible_defenders": 11,
        "best_contact_score": 0.29579307635625196,
        "best_containment_score": 0.35209304094314575,
        "raider_to_endline": 4.593699932098389
      },
      {
        "frame": 605,
        "visible_defenders": 10,
        "best_contact_score": 0.29579307635625196,
        "best_containment_score": 0.35582682490348816,
        "raider_to_endline": 4.585929870605469
      },
      {
        "frame": 606,
        "visible_defenders": 10,
        "best_contact_score": 0.29579307635625196,
        "best_containment_score": 0.35944700241088867,
        "raider_to_endline": 4.5813703536987305
      },
      {
        "frame": 607,
        "visible_defenders": 10,
        "best_contact_score": 0.29579307635625196,
        "best_containment_score": 0.3596183657646179,
        "raider_to_endline": 4.579057216644287
      },
      {
        "frame": 608,
        "visible_defenders": 10,
        "best_contact_score": 0.29579307635625196,
        "best_containment_score": 0.36126798391342163,
        "raider_to_endline": 4.576951503753662
      },
      {
        "frame": 609,
        "visible_defenders": 10,
        "best_contact_score": 0.29579307635625196,
        "best_containment_score": 0.36325153708457947,
        "raider_to_endline": 4.575012683868408
      },
      {
        "frame": 610,
        "visible_defenders": 9,
        "best_contact_score": 0.29579307635625196,
        "best_containment_score": 0.3649081885814667,
        "raider_to_endline": 4.572330474853516
      },
      {
        "frame": 611,
        "visible_defenders": 10,
        "best_contact_score": 0.29579307635625196,
        "best_containment_score": 0.36918821930885315,
        "raider_to_endline": 4.568724155426025
      },
      {
        "frame": 612,
        "visible_defenders": 10,
        "best_contact_score": 0.29579307635625196,
        "best_containment_score": 0.37405428290367126,
        "raider_to_endline": 4.566169261932373
      },
      {
        "frame": 613,
        "visible_defenders": 11,
        "best_contact_score": 0.29579307635625196,
        "best_containment_score": 0.37826454639434814,
        "raider_to_endline": 4.560990810394287
      },
      {
        "frame": 614,
        "visible_defenders": 10,
        "best_contact_score": 0.29579307635625196,
        "best_containment_score": 0.38087403774261475,
        "raider_to_endline": 4.554980278015137
      },
      {
        "frame": 615,
        "visible_defenders": 10,
        "best_contact_score": 0.29579307635625196,
        "best_containment_score": 0.38508856296539307,
        "raider_to_endline": 4.544965744018555
      },
      {
        "frame": 616,
        "visible_defenders": 11,
        "best_contact_score": 0.29579307635625196,
        "best_containment_score": 0.39698001742362976,
        "raider_to_endline": 4.527225494384766
      },
      {
        "frame": 617,
        "visible_defenders": 10,
        "best_contact_score": 0.29579307635625196,
        "best_containment_score": 0.4102223217487335,
        "raider_to_endline": 4.505730152130127
      },
      {
        "frame": 618,
        "visible_defenders": 10,
        "best_contact_score": 0.29579307635625196,
        "best_containment_score": 0.4220367670059204,
        "raider_to_endline": 4.476500988006592
      },
      {
        "frame": 619,
        "visible_defenders": 10,
        "best_contact_score": 0.29579307635625196,
        "best_containment_score": 0.4327160120010376,
        "raider_to_endline": 4.443485260009766
      },
      {
        "frame": 620,
        "visible_defenders": 10,
        "best_contact_score": 0.29579307635625196,
        "best_containment_score": 0.44168779253959656,
        "raider_to_endline": 4.410148620605469
      },
      {
        "frame": 621,
        "visible_defenders": 10,
        "best_contact_score": 0.29579307635625196,
        "best_containment_score": 0.4470263123512268,
        "raider_to_endline": 4.380634307861328
      },
      {
        "frame": 622,
        "visible_defenders": 10,
        "best_contact_score": 0.29579307635625196,
        "best_containment_score": 0.44419997930526733,
        "raider_to_endline": 4.358572959899902
      },
      {
        "frame": 623,
        "visible_defenders": 10,
        "best_contact_score": 0.29579307635625196,
        "best_containment_score": 0.4481891989707947,
        "raider_to_endline": 4.343463897705078
      },
      {
        "frame": 624,
        "visible_defenders": 10,
        "best_contact_score": 0.29579307635625196,
        "best_containment_score": 0.4573058485984802,
        "raider_to_endline": 4.331906318664551
      },
      {
        "frame": 625,
        "visible_defenders": 10,
        "best_contact_score": 0.29579307635625196,
        "best_containment_score": 0.46782186627388,
        "raider_to_endline": 4.321596145629883
      },
      {
        "frame": 626,
        "visible_defenders": 10,
        "best_contact_score": 0.29579307635625196,
        "best_containment_score": 0.4826824367046356,
        "raider_to_endline": 4.307885646820068
      },
      {
        "frame": 627,
        "visible_defenders": 10,
        "best_contact_score": 0.29579307635625196,